{
  "name": "prop_nftf_comparison_van_der_pol",
  "contexts": {
    "DTF w/ Init": {
      "name": "DTF w/ Init",
      "params": {
        "use_nftf": true,
        "use_nftf_prefit": true,
        "n_basis": 500,
        "tran_params": {
          "n_epochs_per_group": [
            5,
            5
          ],
          "iterations": 50,
          "pre_train_epochs": 10,
          "lr_basis": 0.005,
          "lr_weights": 0.001,
          "lr_dtf": 0.0005
        },
        "init_params": {
          "n_epochs_per_group": [
            20,
            5
          ],
          "iterations": 100,
          "lr_basis": 0.005,
          "lr_weights": 0.001
        },
        "batch_size": 256,
        "ls_temp": 0.1,
        "reg_covar_joint": 0.001,
        "verbose": true
      },
      "n_trials_total": 10,
      "n_trials_valid": 10,
      "results": {
        "avg_log_likelihood_per_timestep": {
          "mean": [
            -1.288487195968628,
            -1.8495193719863892,
            -2.2851247787475586,
            -2.640366315841675,
            -2.926069736480713,
            -3.1374294757843018,
            -3.2996017932891846,
            -3.4099490642547607,
            -3.5489563941955566,
            -3.6637966632843018
          ],
          "std": [
            0.014080421067774296,
            0.005443529225885868,
            0.00585448183119297,
            0.005610941909253597,
            0.0074294558726251125,
            0.007809777278453112,
            0.008158683776855469,
            0.00867123156785965,
            0.045576855540275574,
            0.060786549001932144
          ]
        },
        "best_loss_pretrain_decorrupter": {
          "mean": [
            3.5883262157440186
          ],
          "std": [
            0.049406472593545914
          ]
        },
        "training_time_pretrain_decorrupter": {
          "mean": [
            32.295188903808594
          ],
          "std": [
            0.5430151224136353
          ]
        },
        "best_loss_transition": {
          "mean": [
            0.6921790838241577
          ],
          "std": [
            0.025614937767386436
          ]
        },
        "best_loss_initial": {
          "mean": [
            1.3213536739349365
          ],
          "std": [
            0.027274133637547493
          ]
        },
        "training_time_transition": {
          "mean": [
            484.41412353515625
          ],
          "std": [
            2.330014228820801
          ]
        },
        "training_time_initial": {
          "mean": [
            134.5288848876953
          ],
          "std": [
            0.8390085101127625
          ]
        }
      }
    },
    "DTF w/o Init": {
      "name": "DTF w/o Init",
      "params": {
        "use_nftf": true,
        "use_nftf_prefit": false,
        "n_basis": 500,
        "tran_params": {
          "n_epochs_per_group": [
            5,
            5
          ],
          "iterations": 50,
          "lr_basis": 0.005,
          "lr_weights": 0.001,
          "lr_dtf": 0.0005
        },
        "init_params": {
          "n_epochs_per_group": [
            20,
            5
          ],
          "iterations": 100,
          "lr_basis": 0.005,
          "lr_weights": 0.001
        },
        "batch_size": 256,
        "ls_temp": 0.1,
        "reg_covar_joint": 0.001,
        "verbose": true
      },
      "n_trials_total": 10,
      "n_trials_valid": 10,
      "results": {
        "avg_log_likelihood_per_timestep": {
          "mean": [
            -1.3193758726119995,
            -1.9158004522323608,
            -2.357663869857788,
            -2.708733320236206,
            -2.9943647384643555,
            -3.2024524211883545,
            -3.3517589569091797,
            -3.448704957962036,
            -3.5201611518859863,
            -3.603778839111328
          ],
          "std": [
            0.019288429990410805,
            0.022235259413719177,
            0.02224132977426052,
            0.02007158473134041,
            0.018776100128889084,
            0.012938461266458035,
            0.01022737380117178,
            0.007972326129674911,
            0.008535532280802727,
            0.018243422731757164
          ]
        },
        "best_loss_pretrain_decorrupter": {
          "mean": [
            NaN
          ],
          "std": [
            NaN
          ]
        },
        "training_time_pretrain_decorrupter": {
          "mean": [
            0.0
          ],
          "std": [
            0.0
          ]
        },
        "best_loss_transition": {
          "mean": [
            1.1233867406845093
          ],
          "std": [
            0.05511403828859329
          ]
        },
        "best_loss_initial": {
          "mean": [
            1.3272883892059326
          ],
          "std": [
            0.02347688376903534
          ]
        },
        "training_time_transition": {
          "mean": [
            485.07025146484375
          ],
          "std": [
            1.1194597482681274
          ]
        },
        "training_time_initial": {
          "mean": [
            134.1392364501953
          ],
          "std": [
            0.8903120756149292
          ]
        }
      }
    },
    "No DTF": {
      "name": "No DTF",
      "params": {
        "use_nftf": false,
        "use_nftf_prefit": false,
        "n_basis": 500,
        "tran_params": {
          "n_epochs_per_group": [
            5,
            5
          ],
          "iterations": 100,
          "lr_basis": 0.005,
          "lr_weights": 0.001
        },
        "init_params": {
          "n_epochs_per_group": [
            20,
            5
          ],
          "iterations": 100,
          "lr_basis": 0.005,
          "lr_weights": 0.001
        },
        "batch_size": 256,
        "ls_temp": 0.1,
        "reg_covar_joint": 0.001,
        "verbose": true
      },
      "n_trials_total": 10,
      "n_trials_valid": 10,
      "results": {
        "avg_log_likelihood_per_timestep": {
          "mean": [
            -1.3917696475982666,
            -2.0851831436157227,
            -2.5129897594451904,
            -2.8420777320861816,
            -3.106292724609375,
            -3.2855162620544434,
            -3.4130043983459473,
            -3.493708848953247,
            -3.564891815185547,
            -3.6154911518096924
          ],
          "std": [
            0.0874519944190979,
            0.07851949334144592,
            0.06903324276208878,
            0.055989671498537064,
            0.044161535799503326,
            0.031210262328386307,
            0.01994500868022442,
            0.014386785216629505,
            0.012020003981888294,
            0.012415184639394283
          ]
        },
        "best_loss_pretrain_decorrupter": {
          "mean": [
            NaN
          ],
          "std": [
            NaN
          ]
        },
        "training_time_pretrain_decorrupter": {
          "mean": [
            0.0
          ],
          "std": [
            0.0
          ]
        },
        "best_loss_transition": {
          "mean": [
            1.507629632949829
          ],
          "std": [
            0.05746083706617355
          ]
        },
        "best_loss_initial": {
          "mean": [
            1.423850655555725
          ],
          "std": [
            0.09438928961753845
          ]
        },
        "training_time_transition": {
          "mean": [
            230.3990020751953
          ],
          "std": [
            0.5083189606666565
          ]
        },
        "training_time_initial": {
          "mean": [
            51.79138946533203
          ],
          "std": [
            0.27037447690963745
          ]
        }
      }
    }
  }
}